[Header],,,,,,,,,
IEMFileVersion,4,,,,,,,,
InvestigatorName,USERID,,,,,,,,
ExperimentName,EXPID,,,,,,,,
Date,DDMMYYYY,,,,,,,,
Workflow,GenerateFASTQ,,,,,,,,
Application,NextSeqFASTQOnly,,,,,,,,
Assay,,,,,,,,,
Description,EXPID,,,,,,,,
Chemistry,Default,,,,,,,,
,,,,,,,,,
[Reads],,,,,,,,,
101,,,,,,,,,
101,,,,,,,,,
,,,,,,,,,
[Settings],,,,,,,,,
AdapterRead1,AGATCGGAAGAGCACACGTCTGAACTCCAGTCA,,,,,,,,
AdapterRead2,AGATCGGAAGAGCGTCGTGTAGGGAAAGAGTGT,,,,,,,,
AdapterBehavior,trim,,,,,,,,
MinimumTrimmedReadLength,35,,,,,,,,
MaskShortReads,35,,,,,,,,
OverrideCycles,U7N1Y93;I8;I8;U7N1Y93,,,,,,,,
,,,,,,,,,
[Data],,,,,,,,,
Sample_ID,Sample_Name,Sample_Plate,Sample_Well,Index_ID,index,index2,Sample_Type,Pair_ID,Description
