position	plate_well	i7_index_name	i7_index_sequence	i5_index_name	i5_index_sequence
1	1	UP01	TCCGGAGA	D503	AGGATAGG
2	2	UP02	CTGAAGCT	D707	TCAGAGCC
3	3	UP03	CGTAGCTC	D717	CATCCGAA
4	4	UP04	GAATTCGT	D706	TTATGAGT
5	5	UP05	AGCGATAG	D712	ACGAATAA
6	6	UP06	GCGATTAA	D724	GATCTGCT
7	7	UP07	ATTCAGAA	D705	AGGCTATA
8	8	UP08	GAATAATC	D713	GCCTCTAT
9	9	UP09	TTAATCAG	D505	CTTCGCCT
10	10	UP10	CGCTCATT	D506	TAAGATTA
11	11	UP11	TCCGCGAA	D517	AGTAAGTA
12	12	UP12	ATTACTCG	D518	GACTTCCT
13	13	UP13	ACTGCTTA	D511	AGAGGCGC
14	14	UP14	ATGCGGCT	D512	TAGCCGCG
15	15	UP15	GCCTCTCT	D514	TTCGTAGG
16	16	UP16	GCCGTAGG	D516	CGCTCCGC
