Pos	Plate Well	Index 1 ID (i7)	Index 1 sequence	Index 2 ID (i5)	Index 2 sequence
1	A1	UMIRC_AN01	CTGATCGT	UMIRC_AN01	GCGCATAT
2	B1	UMIRC_AN02	ACTCTCGA	UMIRC_AN02	CTGTACCA
3	C1	UMIRC_AN03	TGAGCTAG	UMIRC_AN03	GAACGGTT
4	D1	UMIRC_AN04	GAGACGAT	UMIRC_AN04	ACCGGTTA
5	E1	UMIRC_AN05	CTTGTCGA	UMIRC_AN05	CGATGTTC
6	F1	UMIRC_AN06	TTCCAAGG	UMIRC_AN06	CTACAAGG
7	G1	UMIRC_AN07	CGCATGAT	UMIRC_AN07	AAGCCTGA
8	H1	UMIRC_AN08	ACGGAACA	UMIRC_AN08	ACGAGAAC
9	A2	UMIRC_AN09	CGGCTAAT	UMIRC_AN09	CTCGTTCT
10	B2	UMIRC_AN10	ATCGATCG	UMIRC_AN10	TGGAAGCA
11	C2	UMIRC_AN11	GCAAGATC	UMIRC_AN11	AGTCGAAG
12	D2	UMIRC_AN12	GCTATCCT	UMIRC_AN12	AACAGGTG
13	E2	UMIRC_AN13	TACGCTAC	UMIRC_AN13	CGTGTGAT
14	F2	UMIRC_AN14	TGGACTCT	UMIRC_AN14	TCTTACGG
15	G2	UMIRC_AN15	AGAGTAGC	UMIRC_AN15	AAGGCGTA
16	H2	UMIRC_AN16	ATCCAGAG	UMIRC_AN16	TAACGTCG
17	A3	UMIRC_AN17	GACGATCT	UMIRC_AN17	TCGTGCAT
18	B3	UMIRC_AN18	AACTGAGC	UMIRC_AN18	CAATCAGG
19	C3	UMIRC_AN19	CTTAGGAC	UMIRC_AN19	ACTCCTAC
20	D3	UMIRC_AN20	GTGCCATA	UMIRC_AN20	CTCCTAGT
21	E3	UMIRC_AN21	GAATCCGA	UMIRC_AN21	AGCTAGTG
22	F3	UMIRC_AN22	TCGCTGTT	UMIRC_AN22	CAAGTCGT
23	G3	UMIRC_AN23	TTCGTTGG	UMIRC_AN23	TACACACG
24	H3	UMIRC_AN24	AAGCACTG	UMIRC_AN24	AGGTCAAC
25	A4	UMIRC_AN25	CCTTGATC	UMIRC_AN25	GATGGAGT
26	B4	UMIRC_AN26	GTCGAAGA	UMIRC_AN26	CCACATTG
27	C4	UMIRC_AN27	ACCACGAT	UMIRC_AN27	GTCTGCAA
28	D4	UMIRC_AN28	GATTACCG	UMIRC_AN28	TTGGACTG
29	E4	UMIRC_AN29	GCACAACT	UMIRC_AN29	CTGAACGT
30	F4	UMIRC_AN30	GCGTCATT	UMIRC_AN30	CAGACGTT
31	G4	UMIRC_AN31	ATCCGGTA	UMIRC_AN31	GACCGATA
32	H4	UMIRC_AN32	CGTTGCAA	UMIRC_AN32	ATAGAGCG
33	A5	UMIRC_AN33	GTGAAGTG	UMIRC_AN33	GAGCAATC
34	B5	UMIRC_AN34	CATGGCTA	UMIRC_AN34	CACACATC
35	C5	UMIRC_AN35	ATGCCTGT	UMIRC_AN35	AGATTGCG
36	D5	UMIRC_AN36	CAACACCT	UMIRC_AN36	AGCTACCA
37	E5	UMIRC_AN37	TGTGACTG	UMIRC_AN37	AGCCTATC
38	F5	UMIRC_AN38	GTCATCGA	UMIRC_AN38	GATCCACT
39	G5	UMIRC_AN39	AGCACTTC	UMIRC_AN39	ACGTCCAA
40	H5	UMIRC_AN40	GAAGGAAG	UMIRC_AN40	GACGTCAT
41	A6	UMIRC_AN41	GTTGTTCG	UMIRC_AN41	CCAACTTC
42	B6	UMIRC_AN42	CGGTTGTT	UMIRC_AN42	GTGGTATG
43	C6	UMIRC_AN43	ACTGAGGT	UMIRC_AN43	GTCAACAG
44	D6	UMIRC_AN44	TGAAGACG	UMIRC_AN44	ACATGCCA
45	E6	UMIRC_AN45	GTTACGCA	UMIRC_AN45	ATGGCGAT
46	F6	UMIRC_AN46	AGCGTGTT	UMIRC_AN46	CTTCGCAA
47	G6	UMIRC_AN47	GATCGAGT	UMIRC_AN47	GACGAACT
48	H6	UMIRC_AN48	ACAGCTCA	UMIRC_AN48	TACTGCTC
49	A7	UMIRC_AN49	GAGCAGTA	UMIRC_AN49	TGAGCTGT
50	B7	UMIRC_AN50	AGTTCGTC	UMIRC_AN50	ACTCGATC
51	C7	UMIRC_AN51	TTGCGAAG	UMIRC_AN51	AACACGCT
52	D7	UMIRC_AN52	ATCGCCAT	UMIRC_AN52	TGCGTAAC
53	E7	UMIRC_AN53	TGGCATGT	UMIRC_AN53	CGTCTTCA
54	F7	UMIRC_AN54	CTGTTGAC	UMIRC_AN54	ACCTCAGT
55	G7	UMIRC_AN55	CATACCAC	UMIRC_AN55	AACAACCG
56	H7	UMIRC_AN56	GAAGTTGG	UMIRC_AN56	CGAACAAC
57	A8	UMIRC_AN57	ATGACGTC	UMIRC_AN57	CTTCCTTC
58	B8	UMIRC_AN58	TTGGACGT	UMIRC_AN58	GAAGTGCT
59	C8	UMIRC_AN59	AGTGGATC	UMIRC_AN59	TCGATGAC
60	D8	UMIRC_AN60	GATAGGCT	UMIRC_AN60	CAGTCACA
61	E8	UMIRC_AN61	TGGTAGCT	UMIRC_AN61	AGGTGTTG
62	F8	UMIRC_AN62	CGCAATCT	UMIRC_AN62	ACAGGCAT
63	G8	UMIRC_AN63	GATGTGTG	UMIRC_AN63	TAGCCATG
64	H8	UMIRC_AN64	GATTGCTC	UMIRC_AN64	CACTTCAC
65	A9	UMIRC_AN65	CGCTCTAT	UMIRC_AN65	TTGCAACG
66	B9	UMIRC_AN66	TATCGGTC	UMIRC_AN66	TACCGGAT
67	C9	UMIRC_AN67	AACGTCTG	UMIRC_AN67	AATGACGC
68	D9	UMIRC_AN68	ACGTTCAG	UMIRC_AN68	AGTTGTGC
69	E9	UMIRC_AN69	CAGTCCAA	UMIRC_AN69	CGGTAATC
70	F9	UMIRC_AN70	TTGCAGAC	UMIRC_AN70	ATCGTGGT
71	G9	UMIRC_AN71	CAATGTGG	UMIRC_AN71	TCTTCGAC
72	H9	UMIRC_AN72	ACTCCATC	UMIRC_AN72	GATCAAGG7
73	A10	UMIRC_AN73	GTTGACCT	UMIRC_AN73	CAGTGCTT
74	B10	UMIRC_AN74	CGTGTGTA	UMIRC_AN74	CCAACGAA
75	C10	UMIRC_AN75	ACGACTTG	UMIRC_AN75	AACAGCGA
76	D10	UMIRC_AN76	CACTAGCT	UMIRC_AN76	TCGGATTC
77	E10	UMIRC_AN77	ACTAGGAG	UMIRC_AN77	TATGGCAC
78	F10	UMIRC_AN78	GTAGGAGT	UMIRC_AN78	GTCCTAAG
79	G10	UMIRC_AN79	CCTGATTG	UMIRC_AN79	GCTCAGTT
80	H10	UMIRC_AN80	ATGCACGA	UMIRC_AN80	AGATCGTC
81	A11	UMIRC_AN81	CGACGTTA	UMIRC_AN81	CTCTGGAT
82	B11	UMIRC_AN82	TACGCCTT	UMIRC_AN82	GCTACTCT
83	C11	UMIRC_AN83	CCGTAAGA	UMIRC_AN83	AGAGTCCA
84	D11	UMIRC_AN84	ATCACACG	UMIRC_AN84	GTAGCGTA
85	E11	UMIRC_AN85	CACCTGTT	UMIRC_AN85	AGGATAGC
86	F11	UMIRC_AN86	CTTCGACT	UMIRC_AN86	GATCTTGC
87	G11	UMIRC_AN87	TGCTTCCA	UMIRC_AN87	CGATCGAT
88	H11	UMIRC_AN88	AGAACGAG	UMIRC_AN88	ATTAGCCG
90	A12	UMIRC_AN89	GTTCTCGT	UMIRC_AN89	TGTTCCGT
91	B12	UMIRC_AN90	TCAGGCTT	UMIRC_AN90	ATCATGCG
92	C12	UMIRC_AN91	CCTTGTAG	UMIRC_AN91	CCTTGGAA
93	D12	UMIRC_AN92	GAACATCG	UMIRC_AN92	TCGACAAG
94	E12	UMIRC_AN93	TAACCGGT	UMIRC_AN93	ATCGTCTC
95	F12	UMIRC_AN94	AACCGTTC	UMIRC_AN94	CTAGCTCA
96	G12	UMIRC_AN95	TGGTACAG	UMIRC_AN95	TCGAGAGT
97	H12	UMIRC_AN96	ATATGCGC	UMIRC_AN96	ACGATCAG