pos	plate_well	i7_index_name	i7_index_sequence	i5_index_name	i5_index_sequence
1	A1	UDP0001	GAACTGAGCG	UDP0001	CGCTCCACGA
2	B1	UDP0002	AGGTCAGATA	UDP0002	TATCTTGTAG
3	C1	UDP0003	CGTCTCATAT	UDP0003	AGCTACTATA
4	D1	UDP0004	ATTCCATAAG	UDP0004	CCACCAGGCA
5	E1	UDP0005	GACGAGATTA	UDP0005	AGGATAATGT
6	F1	UDP0006	AACATCGCGC	UDP0006	ACAAGTGGAC
7	G1	UDP0007	CTAGTGCTCT	UDP0007	TACTGTTCCA
8	H1	UDP0008	GATCAAGGCA	UDP0008	ATTAACAAGG
9	A2	UDP0009	GACTGAGTAG	UDP0009	CACTATCAAC
10	B2	UDP0010	AGTCAGACGA	UDP0010	TGTCGCTGGT
11	C2	UDP0011	CCGTATGTTC	UDP0011	ACAGTGTATG
12	D2	UDP0012	GAGTCATAGG	UDP0012	AGCGCCACAC
13	E2	UDP0013	CTTGCCATTA	UDP0013	CCTTCGTGAT
14	F2	UDP0014	GAAGCGGCAC	UDP0014	AGTAGAGCCG
15	G2	UDP0015	TCCATTGCCG	UDP0015	TCGTGCATTC
16	H2	UDP0016	CGGTTACGGC	UDP0016	CTATAGTCTT
17	A3	UDP0017	GAGAATGGTT	UDP0017	TTGCTGCCGA
18	B3	UDP0018	AGAGGCAACC	UDP0018	CCATCATTAG
19	C3	UDP0019	CCATCATTAG	UDP0019	AGAGGCAACC
20	D3	UDP0020	GATAGGCCGA	UDP0020	GCCATGTGCG
21	E3	UDP0021	ATGGTTGACT	UDP0021	AGGACAGGCC
22	F3	UDP0022	TATTGCGCTC	UDP0022	CCTAACACAG
23	G3	UDP0023	ACGCCTTGTT	UDP0023	ACGTTCCTTA
24	H3	UDP0024	TTCTACATAC	UDP0024	TTACAGTTAG
25	A4	UDP0025	AACCATAGAA	UDP0025	CCATCTCGCC
26	B4	UDP0026	GGTTGCGAGG	UDP0026	TTGCTCTATT
27	C4	UDP0027	TAAGCATCCA	UDP0027	AATGGATTGA
28	D4	UDP0028	ACCACGACAT	UDP0028	CCGCATACGA
29	E4	UDP0029	GCCGCACTCT	UDP0029	CGAGGTCGGA
30	F4	UDP0030	CCACCAGGCA	UDP0030	ATTCCATAAG
31	G4	UDP0031	GTGACACGCA	UDP0031	GTCCGTAAGC
32	H4	UDP0032	ACAGTGTATG	UDP0032	CCGTATGTTC
33	A5	UDP0033	TGATTATACG	UDP0033	TGTAATCGAC
34	B5	UDP0034	CAGCCGCGTA	UDP0034	CACGGCTAGT
35	C5	UDP0035	GGTAACTCGC	UDP0035	TCACCAACTT
36	D5	UDP0036	ACCGGCCGTA	UDP0036	AATATTGCCA
37	E5	UDP0037	TGTAATCGAC	UDP0037	CGCGGTGATC
38	F5	UDP0038	GTGCAGACAG	UDP0038	ACGGATGGTA
39	G5	UDP0039	CAATCGGCTG	UDP0039	TTCCTACAGC
40	H5	UDP0040	TATGTAGTCA	UDP0040	CATTAGTGCG
41	A6	UDP0041	ACTCGGCAAT	UDP0041	TTCAGTTGTC
42	B6	UDP0042	GTCTAATGGC	UDP0042	CCTGACCACT
43	C6	UDP0043	CCATCTCGCC	UDP0043	AACCATAGAA
44	D6	UDP0044	CTGCGAGCCA	UDP0044	TGGCCGGATT
45	E6	UDP0045	CGTTATTCTA	UDP0045	AACCTTATGG
46	F6	UDP0046	AGATCCATTA	UDP0046	TGGTAGAGAT
47	G6	UDP0047	GTCCTGGATA	UDP0047	TTCGCCACCG
48	H6	UDP0048	CAGTGGCACT	UDP0048	CCTATTGTTA
49	A7	UDP0049	AGTGTTGCAC	UDP0049	CGTGTACCAG
50	B7	UDP0050	GACACCATGT	UDP0050	TACACGTTGA
51	C7	UDP0051	CCTGTCTGTC	UDP0051	TCACAACAGT
52	D7	UDP0052	TGATGTAAGA	UDP0052	AAGGACGCAC
53	E7	UDP0053	GGAATTGTAA	UDP0053	AGGATGTGCT
54	F7	UDP0054	GCATAAGCTT	UDP0054	TGCGACGGAA
55	G7	UDP0055	CTGAGGAATA	UDP0055	AGTGGTTAAG
56	H7	UDP0056	AACGCACGAG	UDP0056	TATCCGAGGC
57	A8	UDP0057	TCTATCCTAA	UDP0057	CCAGTCGACG
58	B8	UDP0058	CTCGCTTCGG	UDP0058	TTGACTAGTA
59	C8	UDP0059	CTGTTGGTCC	UDP0059	AACGGTCTAT
60	D8	UDP0060	TTACCTGGAA	UDP0060	CTGGAACTGT
61	E8	UDP0061	TGGCTAATCA	UDP0061	CTACATGCCT
62	F8	UDP0062	AACACTGTTA	UDP0062	TGAGACTTGC
63	G8	UDP0063	ATTGCGCGGT	UDP0063	GCGGAGCCAA
64	H8	UDP0064	TGGCGCGAAC	UDP0064	AGTATCAGTT
65	A9	UDP0065	TAATGTGTCT	UDP0065	TATGCCTTAC
66	B9	UDP0066	ATACCAACGC	UDP0066	CGCAGCAATT
67	C9	UDP0067	AGGATGTGCT	UDP0067	GGAATTGTAA
68	D9	UDP0068	CACGGAACAA	UDP0068	GTGCTAGGTT
69	E9	UDP0069	TGGAGTACTT	UDP0069	TCCACACAGA
70	F9	UDP0070	GTATTGACGT	UDP0070	TTGGAATTCC
71	G9	UDP0071	CTTGTACACC	UDP0071	AAGCGCGCTT
72	H9	UDP0072	ACACAGGTGG	UDP0072	ACAACGCTCA
73	A10	UDP0073	CCTGCGGAAC	UDP0073	AGCCTATGAT
74	B10	UDP0074	TTCATAAGGT	UDP0074	CCTTCTAACA
75	C10	UDP0075	CTCTGCAGCG	UDP0075	TACATCCATC
76	D10	UDP0076	CTGACTCTAC	UDP0076	TGACGGCCGT
77	E10	UDP0077	TCTGGTATCC	UDP0077	GTAAGCAACG
78	F10	UDP0078	CATTAGTGCG	UDP0078	TATGTAGTCA
79	G10	UDP0079	ACGGTCAGGA	UDP0079	AACGAGGCCG
80	H10	UDP0080	GGCAAGCCAG	UDP0080	CGGATGCTTG
81	A11	UDP0081	TGTCGCTGGT	UDP0081	AGTCAGACGA
82	B11	UDP0082	ACCGTTACAA	UDP0082	TCGCTATGAG
83	C11	UDP0083	TATGCCTTAC	UDP0083	TAATGTGTCT
84	D11	UDP0084	ACAAGTGGAC	UDP0084	AACATCGCGC
85	E11	UDP0085	TGGTACCTAA	UDP0085	AGTACTCATG
86	F11	UDP0086	TTGGAATTCC	UDP0086	GTATTGACGT
87	G11	UDP0087	CCTCTACATG	UDP0087	AGGAGGTATC
88	H11	UDP0088	GGAGCGTGTA	UDP0088	ACTTACGGAT
89	A12	UDP0089	GTCCGTAAGC	UDP0089	AAGATACACG
90	B12	UDP0090	ACTTCAAGCG	UDP0090	TTCATGGTTC
91	C12	UDP0091	TCAGAAGGCG	UDP0091	TATGATGGCC
92	D12	UDP0092	GCGTTGGTAT	UDP0092	GGAAGTATGT
93	E12	UDP0093	ACATATCCAG	UDP0093	ATTGCACATA
94	F12	UDP0094	TCATAGATTG	UDP0094	CACCTTAATC
95	G12	UDP0095	GTATTCCACC	UDP0095	TTGTCTACAT
96	H12	UDP0096	CCTCCGTCCA	UDP0096	CACCGATGTG
